Actual_Fare,Predicted_Fare,Cumulative_Avg_Actual,Lift,Percent_Observed
301.79,318.71970096735924,301.79,1.8881020305420373,0.5208333333333333
299.17,309.8025097656534,300.48,1.8799062200115026,1.0416666666666665
299.17,306.873332623457,300.04333333333335,1.8771742831679912,1.5625
302.33,306.31081549536424,300.615,1.8807508264402217,2.083333333333333
326.47,303.5086893953502,305.786,1.9131023808321264,2.604166666666667
302.33,303.38163835316783,305.21,1.9094987267362575,3.125
326.47,300.5795122531538,308.2471428571429,1.9285001369738988,3.6458333333333335
326.47,300.5795122531538,310.52500000000003,1.9427511946521296,4.166666666666666
289.25,300.18745037996666,308.16111111111115,1.9279618927829925,4.6875
289.25,300.18745037996666,306.27000000000004,1.916130451287683,5.208333333333334
303.82,290.5341675828415,306.04727272727274,1.9147369928699305,5.729166666666666
297.61,287.16157821150927,305.3441666666667,1.9103381195450466,6.25
273.12,285.76618921501324,302.86538461538464,1.8948300065383308,6.770833333333333
259.32,285.03996293191443,299.755,1.8753703706720843,7.291666666666667
259.32,282.110785789718,297.05933333333337,1.858505352921338,7.8125
246.1,275.74247925010565,293.874375,1.838579158228477,8.333333333333332
273.83,271.5144717162369,292.69529411764705,1.8312024227231791,8.854166666666668
228.99,270.4523631070336,289.15611111111116,1.809060076651075,9.375
291.66,269.72849191494157,289.28789473684213,1.8098845603362033,9.895833333333332
349.53,269.0482232998589,292.3,1.828729326775034,10.416666666666668
291.78,258.4053422146509,292.2752380952381,1.8285744077828172,10.9375
208.79,255.69916258874377,288.4804545454545,1.8048329368069271,11.458333333333332
193.5,255.67989847248083,284.35086956521735,1.7789968329384036,11.979166666666668
204.35,253.64446961580657,281.0175,1.758142126537814,12.5
261.67,251.90440205162417,280.2436,1.7533003419808824,13.020833333333334
233.78,251.89634608504537,278.45653846153846,1.742119870396427,13.541666666666666
179.23,246.96514429725227,274.7814814814815,1.7191274500166818,14.0625
235.1,246.57074340834438,273.3642857142857,1.7102609859001838,14.583333333333334
258.85,244.49320011093113,272.8637931034483,1.7071297319991487,15.104166666666666
273.53,243.41337057954388,272.886,1.707268665981293,15.625
260.16,242.7372619390373,272.4754838709677,1.7047003358948216,16.145833333333336
169.41,240.8124567637031,269.2546875,1.68454992611323,16.666666666666664
179.13,239.19437602100942,266.5236363636364,1.6674635309507586,17.1875
154.74,238.66652360898115,263.2358823529412,1.6468942111471987,17.708333333333336
240.48,234.66595719279087,262.5857142857143,1.6428265361151408,18.229166666666664
353.56,227.24301213456272,265.11277777777775,1.6586367144201666,18.75
234.31,226.01561856963355,264.2802702702703,1.6534282611401827,19.270833333333336
163.78,224.60346062603008,261.6355263157895,1.6368818333900286,19.791666666666664
200.09,223.0870387865577,260.0574358974359,1.6270087570015719,20.3125
261.63,219.69638881677653,260.09675000000004,1.6272547195479794,20.833333333333336
237.8,218.18095012701343,259.5529268292683,1.6238523747621534,21.354166666666664
165.9,215.03093665679646,257.3230952380952,1.6099017814520349,21.875
256.48,211.66865473654263,257.303488372093,1.6097791141552016,22.395833333333336
208.71,211.2267229385683,256.1990909090909,1.602869623806218,22.916666666666664
258.37,210.0358617767094,256.24733333333336,1.6031714450036416,23.4375
256.86,209.63029790601948,256.26065217391306,1.6032547722508763,23.958333333333336
191.66,208.34049873971213,254.88617021276596,1.594655540394999,24.479166666666664
186.28,207.06881711682865,253.456875,1.5857133779858157,25.0
209.35,206.50133382339908,252.55673469387756,1.5800817906576652,25.520833333333332
190.09,206.39878261593452,251.30740000000003,1.5722655231460287,26.041666666666668
223.99,205.72775671570696,250.77176470588236,1.5689144045322458,26.5625
210.16,205.46690807422937,249.99076923076925,1.5640282282427558,27.083333333333332
244.5,202.9202907834849,249.88716981132077,1.5633800746451427,27.604166666666668
234.15,197.13882037595135,249.59574074074075,1.561556794152346,28.125
117.59,196.91312351771327,247.19563636363637,1.546540915733831,28.645833333333332
154.06,196.4292821523067,245.5325,1.5361357626629868,29.166666666666668
205.0,196.09734202955272,244.82140350877194,1.5316868984560912,29.6875
205.96,195.3729266645511,244.15137931034485,1.527494996638395,30.208333333333332
171.67,192.8487101208879,242.92288135593222,1.5198090909349482,30.729166666666668
182.56,191.43669535660712,241.91683333333333,1.5135149085091164,31.25
219.38,191.37495031244651,241.5473770491803,1.5112034629333657,31.770833333333332
169.9,189.03297126577272,240.3917741935484,1.5039736140377138,32.29166666666667
169.9,189.03297126577272,239.27285714285716,1.4969732841546222,32.8125
209.35,187.18026250891407,238.8053125,1.4940481640726193,33.33333333333333
210.9,186.6350955675842,238.376,1.491362237424993,33.85416666666667
174.06,185.72005094016424,237.40151515151516,1.4852655250715132,34.375
116.52,185.12352936936995,235.59731343283582,1.4739778186248256,34.89583333333333
215.01,184.00888873675984,235.29455882352943,1.4720836816667178,35.41666666666667
200.41,183.51785323653607,234.7889855072464,1.4689206411250766,35.9375
195.28,181.55995902295317,234.22457142857144,1.4653894725376062,36.45833333333333
159.71,177.79450814807953,233.1750704225352,1.458823433303195,36.97916666666667
193.67,177.19364127284996,232.62638888888887,1.4553906929281046,37.5
134.79,176.22364160936655,231.28616438356164,1.4470057874975386,38.02083333333333
144.6,174.42259897573226,230.11472972972976,1.439676889427532,38.54166666666667
104.72,174.04263461158448,228.44279999999998,1.429216722034224,39.0625
162.28,172.4703335957415,227.5722368421053,1.423770179517454,39.58333333333333
144.6,171.49342183353585,226.4946753246753,1.4170285840732924,40.10416666666667
169.9,169.71189995128768,225.76910256410258,1.4124891513467495,40.625
180.56,168.8162663054019,225.19683544303797,1.408908851425299,41.14583333333333
175.66,168.60649586319443,224.57762499999998,1.4050348579370031,41.66666666666667
133.5,166.0536221922218,223.4532098765432,1.3980001302198126,42.1875
137.25,165.4814079977167,222.40195121951217,1.3914230945162929,42.70833333333333
240.88,165.3965830499545,222.624578313253,1.392815926179853,43.22916666666667
177.22,165.15974198529653,222.08404761904762,1.3894341802595127,43.75
181.99,164.86706968664924,221.61235294117645,1.3864830961311967,44.27083333333333
201.43,163.63955900382254,221.37767441860464,1.3850148665841857,44.79166666666667
118.95,162.46297504826293,220.2003448275862,1.3776490877597745,45.3125
215.06,162.11779141591768,220.14193181818183,1.3772836358837464,45.83333333333333
164.3,160.58431319115385,219.5144943820225,1.373358171497085,46.35416666666667
102.95,159.97048858848643,218.21933333333334,1.3652551985493102,46.875
118.95,159.53379790606652,217.12846153846152,1.3584303294318494,47.39583333333333
159.71,158.47343683359452,216.50434782608698,1.354525659404269,47.91666666666667
168.92,157.98095573687735,215.99268817204302,1.351324540640404,48.4375
233.16,157.55964932785588,216.17531914893615,1.3524671428416426,48.95833333333333
183.43,157.45251912981865,215.83063157894736,1.350310658860071,49.47916666666667
159.71,155.5442596913981,215.24604166666666,1.3466532633187622,50.0
174.87,155.32873460802,214.829793814433,1.3440490736007096,50.520833333333336
128.36,155.0127950422911,213.94744897959183,1.33852882086105,51.041666666666664
146.36,154.90582674603883,213.26474747474745,1.3342576054544733,51.5625
124.87,153.69765770577726,212.38080000000002,1.3287273260483858,52.083333333333336
116.57,153.23877743792343,211.4321782178218,1.3227924219324538,52.604166666666664
174.87,152.3995574658236,211.0737254901961,1.320549818390642,53.125
111.66,152.3870502412272,210.10854368932038,1.3145113091024758,53.645833333333336
154.73,151.72114932524636,209.5760576923077,1.3111798935744767,54.166666666666664
117.23,151.1391331638576,208.69657142857142,1.3056775250387587,54.6875
132.79,151.0871152947439,207.9804716981132,1.301197358846543,55.208333333333336
150.13,150.23818342858888,207.43981308411216,1.2978148126159674,55.729166666666664
122.99,149.46281391525378,206.65787037037038,1.2929227100758456,56.25
176.88,148.9778448692826,206.38467889908256,1.291213530276431,56.770833333333336
154.73,148.79197218304995,205.9150909090909,1.288275626312014,57.291666666666664
154.73,148.79197218304995,205.45396396396396,1.2853906575541632,57.8125
159.12,146.94935147750027,205.04026785714285,1.2828024324329985,58.333333333333336
134.3,146.92650350374774,204.41424778761063,1.2788858355794122,58.854166666666664
158.63,145.69509439780504,204.01263157894735,1.2763731864555985,59.375
123.89,144.13045274563007,203.31591304347828,1.2720142756847463,59.895833333333336
132.05,144.04244823157234,202.70155172413794,1.2681706199819962,60.416666666666664
106.29,143.9449185052431,201.87752136752138,1.2630152026734174,60.9375
124.92,142.91187221466365,201.22533898305085,1.2589349253799267,61.458333333333336
124.82,142.47100709420423,200.58327731092436,1.2549179667435397,61.979166666666664
188.11,142.08194017700245,200.47933333333333,1.2542676574716876,62.5
123.18,141.3579589503915,199.8404958677686,1.2502708705804084,63.020833333333336
91.83,140.10806149481553,198.95516393442622,1.244731929525213,63.541666666666664
124.92,139.98269507246724,198.35325203252034,1.2409661616594923,64.0625
126.62,139.368123969679,197.77475806451613,1.2373469044420726,64.58333333333334
125.25,139.1735379476729,197.19456,1.2337169858108075,65.10416666666666
155.81,137.3706417839333,196.8661111111111,1.2316620966029463,65.625
199.8,137.1742522801389,196.8892125984252,1.2318066274525645,66.14583333333334
113.2,136.33408381566414,196.235390625,1.2277160923266919,66.66666666666666
106.6,133.43507649361692,195.5405426356589,1.2233688843357282,67.1875
117.35,133.00645575043302,194.93907692307693,1.2196059079838693,67.70833333333334
144.86,132.64185834692594,194.55679389312976,1.2172142138751016,68.22916666666666
97.96,131.85367631000852,193.82500000000002,1.2126358596037323,68.75
133.04,131.08479706354615,193.36796992481203,1.2097765222732004,69.27083333333334
129.63,130.95386027514454,192.8923134328358,1.2068006516733105,69.79166666666666
132.85,130.6178871801705,192.44755555555557,1.2040180934335,70.3125
169.58,129.45414431833728,192.27941176470588,1.2029661280505306,70.83333333333334
100.95,127.36676690311516,191.61277372262774,1.1987954111915085,71.35416666666666
114.76,127.13536881931063,191.0558695652174,1.1953112272542548,71.875
101.68,126.49106705781747,190.41287769784174,1.1912884489964797,72.39583333333334
148.28,123.41011004671499,190.1119285714286,1.1894056077602873,72.91666666666666
56.43,122.97421751938279,189.16382978723402,1.1834739756996084,73.4375
85.48,122.61443687519179,188.433661971831,1.1789057947297323,73.95833333333334
57.29,122.57748996554554,187.51657342657342,1.1731681733887747,74.47916666666666
113.5,120.72543767426794,187.00256944444445,1.1699523877021567,75.0
125.8,120.71675280258549,186.5804827586207,1.1673116682330935,75.52083333333334
70.62,119.58525691007293,185.78623287671235,1.1623425678162842,76.04166666666666
67.77,118.86501327444978,184.98340136054424,1.1573197777441804,76.5625
57.57,117.94707921551398,184.1225,1.1519336827544857,77.08333333333334
70.41,114.42591595253658,183.3593288590604,1.1471590216296668,77.60416666666666
66.46,110.80623268348633,182.58,1.1422832722633791,78.125
123.74,110.2397751076363,182.19033112582784,1.1398453697730264,78.64583333333334
100.95,108.04569558863014,181.6558552631579,1.136501504961128,79.16666666666666
116.78,106.6521430780611,181.23183006535947,1.1338486574944653,79.6875
116.78,106.6521430780611,180.8133116883117,1.1312302625923045,80.20833333333334
74.28,104.25553100768134,180.126,1.1269302042924385,80.72916666666666
107.86,104.0980404592284,179.6627564102564,1.1240319930779168,81.25
64.39,103.01013830283995,178.92853503184713,1.1194384516237867,81.77083333333334
78.3,102.34562689208987,178.29164556962027,1.1154538521113397,82.29166666666666
125.8,101.39568148810046,177.96150943396228,1.1133884069074194,82.8125
63.06,100.70568412304536,177.243375,1.1088955109103142,83.33333333333334
67.77,99.54394195996474,176.56341614906833,1.1046414544898593,83.85416666666666
105.13,98.41849710290549,176.12246913580248,1.1018827383259417,84.375
112.99,97.10279217568704,175.73515337423314,1.0994595577173065,84.89583333333334
86.71,95.95685811992813,175.19231707317073,1.0960633871275327,85.41666666666666
62.63,87.67972161882194,174.51012121212122,1.0917953352024359,85.9375
87.59,85.85327763395381,173.98650602409637,1.0885194185062816,86.45833333333334
100.36,85.27685629049637,173.54562874251496,1.085761138607764,86.97916666666666
75.07,84.15950983355961,172.9594642857143,1.0820938921744263,87.5
84.21,82.16337195338554,172.43431952662723,1.0788084059556624,88.02083333333334
58.98,79.58996921022363,171.7669411764706,1.074633057474697,88.54166666666666
53.8,78.93898839974594,171.0770760233918,1.0703170238210695,89.0625
56.76,77.79682705725793,170.41244186046512,1.0661588439191858,89.58333333333334
78.24,77.23006621834969,169.87965317919074,1.0628255346943474,90.10416666666666
51.73,76.77630212003392,169.20063218390806,1.0585773458213763,90.625
135.76,76.07662653160057,169.00954285714286,1.0573818252743725,91.14583333333334
64.11,72.87885096073693,168.41352272727272,1.0536529183607846,91.66666666666666
78.62,72.39763173575531,167.90621468926554,1.050479024803438,92.1875
59.77,72.11606696385114,167.29870786516855,1.0466782531803036,92.70833333333334
105.45,68.722920669213,166.9531843575419,1.044516539285377,93.22916666666666
62.63,68.35865030433692,166.3736111111111,1.0408905297309392,93.75
56.91,62.71818642155334,165.76883977900553,1.037106872286484,94.27083333333334
114.93,61.93415998101758,165.4895054945055,1.0353592609349993,94.79166666666666
64.97,60.710132122171785,164.940218579235,1.0319227330842673,95.3125
66.88,59.179803477624816,164.40728260869565,1.0285885023671322,95.83333333333334
70.16,51.98058354967203,163.89783783783784,1.0254012406742143,96.35416666666666
68.59,51.831776817667546,163.38543010752687,1.0221954416879473,96.875
53.14,40.025246999334215,162.7958823529412,1.018507028180095,97.39583333333334
55.16,36.55705786082791,162.2233510638298,1.0149250755324921,97.91666666666666
53.07,24.681618263908888,161.64582010582012,1.0113118432367934,98.4375
42.47,21.72471662855265,161.0185789473684,1.007387606830974,98.95833333333334
49.77,19.52075708706458,160.43612565445025,1.0037435787152158,99.47916666666666
45.55,11.183744363401892,159.83776041666667,1.0,100.0
